Org,Hits,Total_ips
4CEPA-FASTNET,1,1
4Media Ltd.,6,2
702COM,2,1
ABAKS,2,1
ACS-INTERNET,5,3
AENEAS,6,3
AERVIVO-DIA,2,1
AIRSTREAMCOMM-NET,2,1
ALENCO,2,1
ALL-POINTS-BROADBAND-5,2,1
ALLO-COMM,2,1
ALTIMA-TORONTO,2,1
ALYRICA,2,1
AMAZON-02,117,10
ANDRENA,2,1
ANTIETAM,3,2
APUA,1,1
ARVIG-16904,2,1
AS-26496-GO-DADDY-COM-LLC,6,1
AS-CMN,47,16
AS-COLOCROSSING,1,1
AS-EFTL,1,1
AS-GLOBALTELEHOST,7,3
AS-PTD,25,12
AS-SONICTELECOM,3,2
AS-TING-BACKBONE,2,1
AS-VULTR,3,1
AS-WAVE-1,10,1
AS-WHOLESAIL,8,4
AS21565,47,8
ASN-AT-12033,2,1
ASN-CBCBH,2,1
ASN-CXA-ALL-CCI-22773-RDC,372,142
ASN-STARRY,9,5
ATLANTICBB-JOHNSTOWN,35,14
ATT-INTERNET4,1153,476
AUREON-5056,3,2
AVAST Software s.r.o.,33,9
Administracion Nacional de Telecomunicaciones,1,1
Aeza International Ltd,2,1
Akamai Connected Cloud,22,9
Alianta-TV S.R.L.,2,1
"Alibaba US Technology Co., Ltd.",20,4
Alsycon B.V.,1,1
Alviva Holding Limited,330,1
Amarutu Technology Ltd,18,2
Amir Hosein Maaref,2,1
BACOM,164,52
BARR-XPLR-ASN,30,5
BAYS-ET-HIGHSPEED,1,1
BEK-COMMUNICATIONS-INTERNET-ROUTER,2,1
BELLSOUTH-NET-BLK,12,2
BEN-LOMAND-TEL,2,1
BH-TELECOM-CORP,11,1
BHN-33363,243,96
BIFIV,2,1
BLUESTREAMFIBER,4,3
BNQ-1,2,1
BRAZORIA-INET,2,1
BRESNAN-33588,9,4
BRSPD-PUBLIC,90,22
BTC-ONLINE,8,1
BTES-AS,2,1
BUCKEYECABLEVISION,17,4
BUZZ-BROADBAND,1,1
BVU-2,1,1
"Beijing Tiantexin Tech. Co., Ltd.",17,2
"Beijing Volcano Engine Technology Co., Ltd.",12,1
Black HOST Ltd,3,1
Bouygues Telecom SA,42,1
British Telecommunications PLC,2,1
CABLE-NET-1,305,101
CABLELYNX,4,2
CABLEONE,32,18
CAMERON-COMMUNICATIONS,2,1
CANET-ASN-4,40,6
"CANTV Servicios, Venezuela",4,2
CARINET,18,2
CASNET,2,1
CASSCOMM,9,1
CCINET,2,1
CCRTC,2,1
CDELIGHTBAND,2,1
CELLCO-PART,244,84
CENIC-2152,3,1
CENSYS-ARIN-01,197,46
CENSYS-ARIN-02,32,15
CENSYS-ARIN-03,14,7
CENTURYLINK-US-LEGACY-QWEST,80,28
CHARTER-20115,439,169
CHEAPY-HOST,117,9
CHINA UNICOM China169 Backbone,14,6
CHINANET Guangdong province network,9,3
CHINATELECOM Guangdong province Zhuhai 5G network,6,2
CHINATELECOM Hubei province Wuhan 5G network,7,1
CHINATELECOM Jiangsu province Suzhou 5G network,2,2
CHISHOLMBB,6,1
CIKTELECOM-CABLE,4,2
CLARITY-TELECOM,2,1
CLASSICSOUTHCOMM,1,1
CMSINTERNET,1,1
COGECOWAVE,10,4
COGENT-174,15,5
COMCAST-7922,2012,889
COMMUNITY-INTERNET-PROVIDERS,2,1
COMPAS,4,1
COMWAVE-BGP-01,24,3
CONEXON-CONNECT,4,3
COTELCAM,2,1
CS-TECH-INC,2,1
CSSBB,2,1
CT-HangZhou-IDC,10,1
CTC-INTERNET-MN,2,1
CTELCO,2,1
CVECFIBER-01,2,1
CVSI-FIREFLY,3,1
China Mobile Communicaitons Corporation,4,2
"China Mobile Communications Group Co., Ltd.",12,5
China Mobile communications corporation,5,2
China Telecom,6,2
China Telecom Group,11,5
China Unicom Guangzhou network,2,1
Chinanet,25,14
Clouvider Limited,7,2
ColocaTel Inc.,21,2
Cyber Internet Services Pvt Ltd.,2,1
DALTON-UTILITIES-OPTILINK,3,2
DAYSTARR-NET,9,1
DCI,20,1
DEDIOUTLET-NETWORKS,5,1
DEKALB,2,1
DIGITALOCEAN-ASN,4352,20
DISTRIBUTEL-AS11814,6,3
DOVETEL,2,1
DYNU,444,1
Data Communication Business Group,2,1
Datacamp Limited,208,40
Datahost Internet Ve Bilisim Teknolojileri,2,1
Detai Prosperous Technologies Limited,2,2
DpkgSoft International Limited,1,1
Driftnet Ltd,9,8
EASTMSCONNECT-01,1,1
EATEL,2,1
EBOX,22,2
EMPIRE-40545,4,2
ENVENTIS,16,1
EPBTELECOM,11,5
FARMERS-TELECOMMUNICATIONS-COOPERATIVE-INC,1,1
FIBRESTREAM,3,1
FIDN,8,3
FOP Dmytro Nedilskyi,5,1
FORT-COLLINS-CONNEXION,4,2
FRONTIER-FRTR,248,76
FRTCCNET,2,1
FTC-INET,4,2
FUSE-NET,47,15
Fast Servers (Pty) Ltd,1,1
Florian Kolb,3,1
Freakhosting,1,1
GEMC,3,2
GOOGLE,3,1
GOOGLE-CLOUD-PLATFORM,161,56
GOOGLE-FIBER,36,10
GOSEMO-LLC,5,1
GRANDECOM-AS1,34,4
GSL Networks Pty LTD,101,6
GVEC-NET,1,1
GVTCINTERNET,2,1
GWTC,1,1
Galeon LLC,6,1
Global Connectivity Solutions Llp,18,3
Global Layer B.V.,22,1
HARLANONLINE,1,1
HELIO,5,1
HIGHLANDTEL,2,1
HNS-DIRECPC,5,4
HOLSTON-1,1,1
HOMESC,1,1
HORMUUD,6,1
HOTWIRE-COMMUNICATIONS,30,4
HUNTER-COMM,2,1
HURRICANE,21,10
"Hangzhou Alibaba Advertising Co.,Ltd.",4,2
"Henan Mobile Communications Co.,Ltd",2,1
I3BROADBAND,2,1
ICI,4,1
ILIGHT-NET,3,1
INDEPENDENTSFIBERNETWORK,2,2
INFINITYLINK,2,1
INFRALY-LLC,1,1
INTERDIGI JOINT STOCK COMPANY,1,1
INTERNET-SOLUTIONS,2,1
IP Vendetta Inc.,3,1
IP Volume inc,488,5
IQ-FIBER,4,1
IS-AS-1,4,1
Internet Utilities Europe and Asia Limited,22,2
Itissalat Al-MAGHRIB,109,1
JACKSONENERGY-EPL,12,1
JSC Kazteleport - subsidiary of Halyk Bank of Kazakhstan,33,1
KEEPNET TELECOMUNICACOES LTDA ME,2,1
KUB-FIBER-01,4,3
Korea Telecom,34,6
Kprohost LLC,1,1
Krez 999 Eood,3,2
L&L Investment Ltd.,2,1
LATITUDE-SH,44,3
LCTS,1,1
LEXNE-ASN-1,1,1
LIFTUP HOSTING PTY LTD,2,1
LIVEOAK-FIBER,2,1
LLC Digital Network,670,1
LOGIC-3855,2,1
LOGIXCOMM-AS,3,1
LRCSNET,2,1
LUS-FIBER-LCG,2,1
Latitude.sh LTDA,21,2
Layer7 Networks GmbH,61,2
Limited Network LTD,1,1
M247 Europe SRL,2,2
MANAGEDNETWORK,2,1
MASSCOM,2,1
MATINETWORKS,4,1
MAXXSOUTH-BROADBAND,1,1
MEDIACOM-ENTERPRISE-BUSINESS,16,8
METALINK,1,1
MEVSPACE sp. z o.o.,17,4
MICROSOFT-CORP-MSN-AS-BLOCK,53,19
MIDCO-NET,7,4
MIDRIVERS,2,1
MISNET,10,2
MNET,7,4
MOLALLACOM,2,1
MTS PJSC,2,1
MTS-ASN,12,4
MULTIB-40788,2,1
"Maxnet Telecom, Ltd",2,1
Miti 2000 EOOD,2,1
NAMECHEAP-NET,2,1
NATCONET-1,2,1
NE-FIBER-01,1,1
NETPROTECT-62651,4,4
NEXTLINK-TEXAS,3,1
NORTHLAND-CABLE,2,1
NS,2,1
NSTELCO,6,4
NTS-ALEXANDRIA-01,2,1
NTS-MCALLEN-01,2,1
NTS-ONLINE,3,2
NTS-TYLER-01,2,1
NTT Communications Corporation,1,1
NTT-ME Corporation,2,1
NWTEL,3,1
NYBULA,15,1
National Internet Backbone,3,2
Noyan Abr Arvan Co. ( Private Joint Stock),1,1
OARNET-AS,7,1
OEC-FIBER,1,1
OMNI-FIBER,2,1
ONYPHE SAS,45,24
OPTICALTEL,4,2
ORBITEL,16,1
OVH SAS,67,11
OXIO-ASN-01,2,1
Ociris GmbH,4,1
PACKET,1,1
PACLW,5,1
PAINEIRAS NET TELECOM - EIRELI - ME,8329,1
PBNET,1,1
PEARLCOMMFIBER-01,2,1
PENTECH BILISIM TEKNOLOJILERI SANAYI VE TICARET LIMITED SIRKETi,28,1
PEOPLESCOMMUNICATIONS,34,2
PHENIXCITYCABLE,1,1
PLATEAU,8,1
PONYNET,6,1
POWERSHIFT-PLAINFIELD-VT,3,1
PRIMUS-AS6407,2,1
PRTC-LAURENS,2,1
PRTC-SC,1,1
PT Inti Data Telematika,3,1
PUBLIC-DOMAIN-REGISTRY,1,1
PVTN,2,1
PacketHub S.A.,1,1
Pfcloud UG,24,5
Philippine Long Distance Telephone Company,1,1
Pishgaman Toseeh Ertebatat Company (Private Joint Stock),2,1
Private Layer INC,5,2
Proton66 OOO,20,1
RACE,2,1
RANDOLPHTELEPHONE,2,1
RCN-AS,82,22
REBELTECAS,2,1
RISE-BROADBAND,9,5
RITTERNET,4,2
RIVRTECH,2,1
ROCK-HILL-TELEPHONE,29,9
ROGERS-COMMUNICATIONS,70,31
Railnet LLC,8,1
Reliance Jio Infocomm Limited,105,1
SANDHILL-AS,3,2
SASKTEL,10,4
SHAW,38,17
SHENTEL,7,4
SKYBEST,2,1
SNET-FCC,12,5
SOCANTEL-001,4,1
SPACEX-STARLINK,137,29
SPEARHEAD LIFESTYLE INDIA PRIVATE LIMITED,3,1
SQN-NET,6,2
SS-Net,37,14
SSASN2,2,1
STARLIGHTFIBER,2,1
STARRY-NY,1,1
STELLAR-ASSOCIATION,6,1
STRADA-COMM,2,1
SUDDENLINK-COMMUNICATIONS,99,34
SUREWEST,1,1
SURFAIRWIRELESS-IN-02,4,2
"Securitytrails, LLC",1,1
Shandong Mobile Communication Company Limited,2,1
Shenzhen Tencent Computer Systems Company Limited,40,1
Shereverov Marat Ahmedovich,7,2
T-MOBILE-AS21928,975,240
T-Systems International GmbH,144,1
TACH,5,3
TDS-AS,18,9
TEAMPHARR-ASN,6,1
TEKSAVVY,6,3
TELEPAK-NETWORKS-INC,4,3
TELMAX-INC,2,1
TELUS Communications,55,20
TOMBIGBEE-FIBER,2,1
TOMBIGBEECOMM-1,1,1
TOT Public Company Limited,10,6
TRI-CO-CONNECTIONS,1,1
TROYCABLE-NET,4,1
TRUVISTA,2,1
TVIFIBER,5,3
TWC-10796-MIDWEST,284,121
TWC-11351-NORTHEAST,84,34
TWC-11426-CAROLINAS,286,107
TWC-11427-TEXAS,238,92
TWC-11955-ATLANTA,2,1
TWC-12271-NYC,79,44
TWC-20001-PACWEST,301,93
TWIN-LAKES,4,3
Tamatiya EOOD,2,1
Telstra Global,1,1
UAB Host Baltic,9,2
UCLOUD INFORMATION TECHNOLOGY HK LIMITED,73,20
UIA,1,1
UK Dedicated Servers Limited,17,1
UNINET,1,1
UNITED-BROADBAND,5,3
UNITED-TELEPHONE,2,1
UPNLLC,2,1
UPSTATE-FIBER-NETWORK,5,3
USCC-ASN,5,2
UUNET,1052,318
Unmanaged Ltd,1,1
V tal,2,1
VERO-NETWORKS-AS6653,6,1
VIANET,3,1
VIASAT-SP-BACKBONE,2,1
VIDEOTRON,6,3
VISIONARY,1,1
VSW,1,1
VT-255-50219,7,2
VTXC,2,1
VYVE-BROADBAND,5,4
Viettel Group,150,1
Vpsvault.host Ltd,44,5
WADSNET,1,1
WAVE-WIRELESS-LLC,2,1
WCCL-AS,3,1
WCG-AS,4,2
WCI-NET,2,1
WEBSTER-CALHOUN-ASN,3,1
WELINK-COMMUNICATIONS-01,4,2
WESTERN-IOWA-NETWORKS-396443,6,1
WGL-107-ZONA-WYYERD,19,3
WHITESKY-COMMUNICATIONS,1,1
WIFI-PRADO C.A,6,2
WINDSTREAM,24,16
WOW-INTERNET,100,14
WYAN-AS,1,1
Witel Srl,2,1
Xhost Internet Solutions Lp,8,1
ZEN-ECN,7,3
i3D.net B.V,1,1
iTools JSC,2,1
