@timestamp,ip,port,country,city,org
,None,None,None,None,None
,None,None,None,None,None
,None,None,None,None,None
,None,None,None,None,None
,None,None,None,None,None
,None,None,None,None,None
,None,None,None,None,None
,None,None,None,None,None
,None,None,None,None,None
,None,None,None,None,None
,None,None,None,None,None
,None,None,None,None,None
,None,None,None,None,None
,None,None,None,None,None
,None,None,None,None,None
,None,None,None,None,None
,None,None,None,None,None
,None,None,None,None,None
,None,None,None,None,None
,None,None,None,None,None
,None,None,None,None,None
,None,None,None,None,None
,None,None,None,None,None
,None,None,None,None,None
,None,None,None,None,None
,None,None,None,None,None
,None,None,None,None,None
,None,None,None,None,None
,None,None,None,None,None
,None,None,None,None,None
,None,None,None,None,None
,None,None,None,None,None
,None,None,None,None,None
,None,None,None,None,None
,None,None,None,None,None
,None,None,None,None,None
,None,None,None,None,None
,None,None,None,None,None
,None,None,None,None,None
,None,None,None,None,None
,None,None,None,None,None
