Org,hits
4Media Ltd.,14.0
AGOTOZ PTE. LTD.,310.0
AMAZON-02,1944.0
AMAZON-AES,61.0
AS-26496-GO-DADDY-COM-LLC,163.0
AS-COLOCROSSING,73.0
AS-GLOBALTELEHOST,81.0
AS-VULTR,44.0
AS62904,63.0
ATT-INTERNET4,34.0
AVAST Software s.r.o.,552.0
Acesse Comunicacao Ltda,12578.0
Administracion Nacional de Telecomunicaciones,7.0
Aeza Group LLC,34.0
Akamai Connected Cloud,151.0
"Alibaba US Technology Co., Ltd.",2232.0
Alsycon B.V.,298.0
Amarutu Technology Ltd,73.0
Bangladesh Research and Education Network BdREN,5.0
"Beijing Baidu Netcom Science and Technology Co., Ltd.",6.0
"Beijing Tiantexin Tech. Co., Ltd.",33.0
"Beijing Volcano Engine Technology Co., Ltd.",77.0
Bouygues Telecom SA,1081.0
Byteplus Pte. Ltd.,324.0
CABLE-NET-1,4.0
CARINET,22.0
CDSC-AS1,12.0
CENSYS-ARIN-01,2628.0
CENSYS-ARIN-02,616.0
CENSYS-ARIN-03,480.0
CHARTER-20115,12.0
CHEAPY-HOST,84.0
CHINA UNICOM China169 Backbone,300.0
CHINANET Guangdong province network,1589.0
CHINANET Hubei province network,11.0
CMC Telecom Infrastructure Company,18.0
COGENT-174,377.0
COMCAST-7922,15.0
CONECTEC NET LTDA,4.0
CONTABO-40021,25.0
CT-HangZhou-IDC,175.0
CTG Server Limited,2.0
Castles LLC,72.0
"China Mobile Communications Group Co., Ltd.",29.0
China Telecom Group,24.0
China Unicom Beijing Province Network,192.0
Chinanet,582.0
Closed Joint Stock Company Oskolnet,2.0
"Cloud Hosting Solutions, Limited.",1.0
Clouvider Limited,59.0
Contabo GmbH,110314.0
DEDIOUTLET-NETWORKS,402.0
DIGI Tavkozlesi es Szolgaltato Kft.,4.0
DIGITALOCEAN-ASN,212785.0
Data Communication Business Group,2.0
Datacamp Limited,3632.0
Detai Prosperous Technologies Limited,1782.0
Dm Auto Eood,1.0
Driftnet Ltd,252.0
EDGAR RODRIGUES ROMAO FILHO ME,2.0
EUNAPOLIS TELECOM LTDA,37.0
FOP Dmytro Nedilskyi,291.0
GALANET SOLUTION C.A.,65.0
"GMO Internet Group, Inc.",4.0
GOOGLE-CLOUD-PLATFORM,8137.0
GSL Networks Pty LTD,1738.0
Galeon LLC,685.0
Gamers Club Ltda,105.0
Global Connectivity Solutions Llp,583.0
Global Layer B.V.,525.0
Green Web Samaneh Novin PJSC,58.0
HENGTONG-IDC-LLC,2.0
HUAWEI CLOUDS,231.0
"Hangzhou Alibaba Advertising Co.,Ltd.",108.0
INTERDIGI JOINT STOCK COMPANY,1.0
IONOS SE,41.0
IP Volume inc,2068.0
IS-AS-1,1.0
Internet Utilities Europe and Asia Limited,284.0
Iran Telecommunication Company PJS,7.0
JSC ER-Telecom Holding,69.0
JSC Selectel,1.0
KAMATERA,113.0
Kakharov Orinbassar Maratuly,3.0
Korea Telecom,284.0
Kprohost LLC,18.0
Krez 999 Eood,42.0
L&L Investment Ltd.,24.0
LATITUDE-SH,866.0
LG DACOM Corporation,51.0
LIBERTY NETWORKS DE COLOMBIA S.A.S,49.0
LLC Digital Network,105.0
Latitude.sh LTDA,487.0
Limited Network LTD,302.0
M247 Europe SRL,25.0
MAROCCONNECT,1.0
MEVSPACE sp. z o.o.,1231.0
MICROSOFT-CORP-MSN-AS-BLOCK,1557.0
Medha Hosting,21.0
Miti 2000 EOOD,41.0
NETPROTECT-62651,1.0
NYBULA,101.0
National Internet Backbone,1.0
Ningxia West Cloud Data Technology Co.Ltd.,35.0
ONYPHE SAS,1353.0
OPTIMA LLC,336.0
OVH SAS,332.0
One Albania Sh.a.,9.0
PONYNET,18.0
PT Cloud Hosting Indonesia,58.0
PUBLIC-DOMAIN-REGISTRY,1.0
Petersburg Internet Network ltd.,111.0
Pfcloud UG,3691.0
Private Layer INC,161.0
Proton66 OOO,574.0
RICAWEBSERVICES,66.0
ROUTERHOSTING,5.0
Railnet LLC,45.0
Reliance Jio Infocomm Limited,70.0
Rices Privately owned enterprise,238.0
Rostelecom,5.0
SPEARHEAD LIFESTYLE INDIA PRIVATE LIMITED,9.0
SS-Net,965.0
Scaleway S.a.s.,12.0
"Securitytrails, LLC",20.0
Shereverov Marat Ahmedovich,100.0
"Sistemas Informaticos, S.A.",445.0
SkyPass Solutions Sp. z.o.o.,8.0
Star Telecom,21.0
Stiftung Erneuerbare Freiheit,6.0
Stimul LLC,67.0
T-MOBILE-AS21928,13.0
T-Systems International GmbH,1825.0
TIER-NET,25.0
TOT Public Company Limited,54.0
TWC-10796-MIDWEST,20.0
Tamatiya EOOD,141.0
Techoff Srv Limited,119.0
Telia Company AB,20.0
"Tencent Building, Kejizhongyi Avenue",81.0
Tube-Hosting,629.0
UAB Host Baltic,313.0
UCLOUD INFORMATION TECHNOLOGY HK LIMITED,3609.0
UCSD,7.0
UNICOM AnHui province network,13.0
UNIFIEDLAYER-AS-1,1.0
UNINET,25.0
Unmanaged Ltd,369.0
VIETNAM POSTS AND TELECOMMUNICATIONS GROUP,88.0
VT-255-50219,1.0
Verein zur Foerderung eines Deutschen Forschungsnetzes e.V.,4.0
Viet Storage Technology Joint Stock Company,16.0
Vivacom Bulgaria EAD,17.0
Vpsvault.host Ltd,231.0
WANANCHI,93.0
WHG Hosting Services Ltd,140.0
XNNET,1.0
Xhost Internet Solutions Lp,124.0
ZEN-ECN,21.0
ZHONGGUANCUN-CO,322.0
Zencurity ApS,61.0
iTools JSC,2.0
